USE DeTodo3D;
GO

/* DeTodo3D - generated data (T-SQL). Load AFTER CreateTables_SQLServer_corrected.sql */
SET NOCOUNT ON;
GO

-- 0. Insert User
INSERT INTO dbo.[User] (UserName, Email, PasswordHash) VALUES 
('Administrador', 'admincuenta@correo.com', '$2y$10$5fJtigakR1tWM2iw0QDTl.h9rrWFzMZjdmL4AWb2HdB81QN3iSUSi'),
('Empleado1', 'empleadocuenta@correo.com', '$2y$10$KMduVkfbTIzVTOpbhlywTe6nfnmABGJpIn4BtL7XN3QSV4C7MCvny');
GO

-- 1. Insert Roles
INSERT INTO dbo.Roles ([Name], [Description]) VALUES 
('Admin', 'System Administrator with full horizontal privileges.'),
('Employee', 'Standard staff member with operational access.');
GO

-- 2. Insert Claim (Using uniform URN formatting for Type definitions)
INSERT INTO dbo.Claim (ClaimType, ClaimValue) VALUES 
('urn:action:permission', 'create'),
('urn:action:permission', 'consult'),
('urn:action:permission', 'update'),
('urn:action:permission', 'delete');
GO

-- 3. Map Claims to Roles
-- Admin mapping: Can create, consult, delete, update (All 4 claims)
INSERT INTO dbo.RoleClaim (RoleID, ClaimID)
SELECT r.RoleID, c.ClaimID
FROM dbo.Roles r
CROSS JOIN dbo.Claim c
WHERE r.[Name] = 'Admin';

-- Employee mapping: Can consult, create, update
INSERT INTO dbo.RoleClaim (RoleID, ClaimID)
SELECT r.RoleID, c.ClaimID
FROM dbo.Roles r
CROSS JOIN dbo.Claim c
WHERE r.[Name] = 'Employee' 
  AND c.ClaimValue IN ('create', 'consult', 'update');

INSERT INTO dbo.UserRoles (UserID, RoleID)
VALUES (1,1),
(2,2);
GO


-- Country (2 rows)
INSERT INTO [dbo].[Country] ([ISOAlpha2], [ISOAlpha3], [ISONumeric], [CommonName], [FormalName]) VALUES
(N'AR', N'ARG', N'032', N'Argentina', N'República Argentina'),
(N'US', N'USA', N'840', N'United States', N'United States of America');
GO

-- GeoLevel (4 rows)
SET IDENTITY_INSERT [dbo].[GeoLevel] ON;
INSERT INTO [dbo].[GeoLevel] ([GeoLevelID], [Name]) VALUES
(1, N'Provincia'),
(2, N'Departamento'),
(3, N'Municipio'),
(4, N'Región Autónoma');
SET IDENTITY_INSERT [dbo].[GeoLevel] OFF;
GO

-- GeoDivision (66 rows)
SET IDENTITY_INSERT [dbo].[GeoDivision] ON;
INSERT INTO [dbo].[GeoDivision] ([GeoDivisionID], [ParentID], [CountryCode], [GeoLevelID], [ISOSubDivisionCode], [Name]) VALUES
(1, NULL, N'AR', 1, N'AR-B', N'Buenos Aires'),
(2, 1, N'AR', 2, NULL, N'La Plata'),
(3, 2, N'AR', 3, NULL, N'La Plata'),
(4, 2, N'AR', 3, NULL, N'City Bell'),
(5, 2, N'AR', 3, NULL, N'Tolosa'),
(6, 1, N'AR', 2, NULL, N'General Pueyrredón'),
(7, 6, N'AR', 3, NULL, N'Mar del Plata'),
(8, 6, N'AR', 3, NULL, N'Batán'),
(9, 6, N'AR', 3, NULL, N'Sierra de los Padres'),
(10, 1, N'AR', 2, NULL, N'Bahía Blanca'),
(11, 10, N'AR', 3, NULL, N'Bahía Blanca'),
(12, 10, N'AR', 3, NULL, N'Ingeniero White'),
(13, 10, N'AR', 3, NULL, N'Cabildo'),
(14, NULL, N'AR', 1, N'AR-X', N'Córdoba'),
(15, 14, N'AR', 2, NULL, N'Capital'),
(16, 15, N'AR', 3, NULL, N'Córdoba'),
(17, 15, N'AR', 3, NULL, N'Villa Allende'),
(18, 15, N'AR', 3, NULL, N'Saldán'),
(19, 14, N'AR', 2, NULL, N'Punilla'),
(20, 19, N'AR', 3, NULL, N'Villa Carlos Paz'),
(21, 19, N'AR', 3, NULL, N'Cosquín'),
(22, 19, N'AR', 3, NULL, N'La Falda'),
(23, 14, N'AR', 2, NULL, N'Río Cuarto'),
(24, 23, N'AR', 3, NULL, N'Río Cuarto'),
(25, 23, N'AR', 3, NULL, N'Las Higueras'),
(26, 23, N'AR', 3, NULL, N'Holmberg'),
(27, NULL, N'AR', 1, N'AR-S', N'Santa Fe'),
(28, 27, N'AR', 2, NULL, N'La Capital'),
(29, 28, N'AR', 3, NULL, N'Santa Fe'),
(30, 28, N'AR', 3, NULL, N'Santo Tomé'),
(31, 28, N'AR', 3, NULL, N'Recreo'),
(32, 27, N'AR', 2, NULL, N'Rosario'),
(33, 32, N'AR', 3, NULL, N'Rosario'),
(34, 32, N'AR', 3, NULL, N'Funes'),
(35, 32, N'AR', 3, NULL, N'Granadero Baigorria'),
(36, 27, N'AR', 2, NULL, N'General López'),
(37, 36, N'AR', 3, NULL, N'Venado Tuerto'),
(38, 36, N'AR', 3, NULL, N'Firmat'),
(39, 36, N'AR', 3, NULL, N'Rufino'),
(40, NULL, N'AR', 1, N'AR-M', N'Mendoza'),
(41, 40, N'AR', 2, NULL, N'Capital'),
(42, 41, N'AR', 3, NULL, N'Mendoza'),
(43, 41, N'AR', 3, NULL, N'Las Heras'),
(44, 41, N'AR', 3, NULL, N'Godoy Cruz'),
(45, 40, N'AR', 2, NULL, N'Maipú'),
(46, 45, N'AR', 3, NULL, N'Maipú'),
(47, 45, N'AR', 3, NULL, N'Coquimbito'),
(48, 45, N'AR', 3, NULL, N'Luzuriaga'),
(49, 40, N'AR', 2, NULL, N'San Rafael'),
(50, 49, N'AR', 3, NULL, N'San Rafael'),
(51, 49, N'AR', 3, NULL, N'Cuadro Nacional'),
(52, 49, N'AR', 3, NULL, N'Villa Atuel'),
(53, NULL, N'AR', 1, N'AR-T', N'Tucumán'),
(54, 53, N'AR', 2, NULL, N'Capital'),
(55, 54, N'AR', 3, NULL, N'San Miguel de Tucumán'),
(56, 54, N'AR', 3, NULL, N'Yerba Buena'),
(57, 54, N'AR', 3, NULL, N'Tafí Viejo'),
(58, 53, N'AR', 2, NULL, N'Cruz Alta'),
(59, 58, N'AR', 3, NULL, N'Banda del Río Salí'),
(60, 58, N'AR', 3, NULL, N'Alderetes'),
(61, 58, N'AR', 3, NULL, N'Las Talitas'),
(62, 53, N'AR', 2, NULL, N'Famaillá'),
(63, 62, N'AR', 3, NULL, N'Famaillá'),
(64, 62, N'AR', 3, NULL, N'Padilla'),
(65, 62, N'AR', 3, NULL, N'Campo Volante'),
(66, NULL, N'AR', 4, N'AR-C', N'Ciudad Autónoma de Buenos Aires');
SET IDENTITY_INSERT [dbo].[GeoDivision] OFF;
GO

-- User (2 rows)
SET IDENTITY_INSERT [dbo].[User] ON;
INSERT INTO [dbo].[User] ([UserID], [UserName], [Email], [PasswordHash], [Active], [CreatedAt]) VALUES
(1, N'administrador', N'admin@detodo3d.com.ar', N'$2a$11$N9qo8uLOickgx2ZMRZoMyeIjZAgcfl7p92ldGxad68LJZdL17lhWy', 1, N'2026-06-19T08:37:40'),
(2, N'empleado1', N'empleado1@detodo3d.com.ar', N'$2a$11$8K1p/a0dL2LkqvQOuI8.0uH3kQ9pXzWvF6mZ8wYxN4rT2sU1vBce', 1, N'2026-06-19T08:37:40');
SET IDENTITY_INSERT [dbo].[User] OFF;
GO

-- Roles (2 rows)
SET IDENTITY_INSERT [dbo].[Roles] ON;
INSERT INTO [dbo].[Roles] ([RoleID], [Name], [Description]) VALUES
(1, N'Administrador', N'Acceso total al sistema'),
(2, N'Empleado', N'Acceso operativo limitado');
SET IDENTITY_INSERT [dbo].[Roles] OFF;
GO

-- UserRoles (2 rows)
INSERT INTO [dbo].[UserRoles] ([UserID], [RoleID]) VALUES
(1, 1),
(2, 2);
GO

-- Claim (4 rows)
SET IDENTITY_INSERT [dbo].[Claim] ON;
INSERT INTO [dbo].[Claim] ([ClaimID], [ClaimType], [ClaimValue]) VALUES
(1, N'Permission', N'create'),
(2, N'Permission', N'consult'),
(3, N'Permission', N'update'),
(4, N'Permission', N'delete');
SET IDENTITY_INSERT [dbo].[Claim] OFF;
GO

-- RoleClaim (7 rows)
SET IDENTITY_INSERT [dbo].[RoleClaim] ON;
INSERT INTO [dbo].[RoleClaim] ([RoleClaimID], [RoleID], [ClaimID]) VALUES
(1, 1, 1),
(2, 1, 2),
(3, 1, 3),
(4, 1, 4),
(5, 2, 1),
(6, 2, 2),
(7, 2, 3);
SET IDENTITY_INSERT [dbo].[RoleClaim] OFF;
GO

-- Supplier (5 rows)
SET IDENTITY_INSERT [dbo].[Supplier] ON;
INSERT INTO [dbo].[Supplier] ([SupplierID], [Name], [ContactEmail], [Active]) VALUES
(1, N'Insumos 3D Argentina', N'ventas@insumos3d.com.ar', 1),
(2, N'FilaShop', N'contacto@filashop.com.ar', 1),
(3, N'MundoFilamento', N'info@mundofilamento.com.ar', 1),
(4, N'Impresion3D Mayorista', N'mayorista@impresion3d.com.ar', 1),
(5, N'TodoPLA', N'hola@todopla.com.ar', 1);
SET IDENTITY_INSERT [dbo].[Supplier] OFF;
GO

-- Brand (5 rows)
SET IDENTITY_INSERT [dbo].[Brand] ON;
INSERT INTO [dbo].[Brand] ([BrandID], [Name], [Description], [Active]) VALUES
(1, N'GST', N'Filamentos GST', 1),
(2, N'3N3', N'Filamentos 3N3', 1),
(3, N'3NMax', N'Filamentos 3NMax premium', 1),
(4, N'Grilon3', N'Filamentos Grilon3', 1),
(5, N'PrintaLot', N'Filamentos PrintaLot', 1);
SET IDENTITY_INSERT [dbo].[Brand] OFF;
GO

-- Category (2 rows)
SET IDENTITY_INSERT [dbo].[Category] ON;
INSERT INTO [dbo].[Category] ([CategoryID], [Name], [Description], [Active]) VALUES
(1, N'Llavero', N'Llaveros impresos en 3D', 1),
(2, N'Imán', N'Imanes decorativos impresos en 3D', 1);
SET IDENTITY_INSERT [dbo].[Category] OFF;
GO

-- Material (20 rows)
SET IDENTITY_INSERT [dbo].[Material] ON;
INSERT INTO [dbo].[Material] ([MaterialID], [SKU], [BrandID], [MaterialName], [Color], [MinimumStockLevel], [CreatedAt]) VALUES
(1, N'PLA-001', 3, N'Filamento PLA Azul Oscuro', N'Azul Oscuro', 2000, N'2026-06-19T08:38:29'),
(2, N'PLA-002', 4, N'Filamento PLA Plata', N'Plata', 1000, N'2026-06-19T08:38:29'),
(3, N'PLA-003', 2, N'Filamento PLA Fucsia', N'Fucsia', 1000, N'2026-06-19T08:38:29'),
(4, N'PLA-004', 1, N'Filamento PLA aquamarina', N'aquamarina', 1500, N'2026-06-19T08:38:29'),
(5, N'PLA-005', 3, N'Filamento PLA Lapislázuli', N'lapislázuli', 1000, N'2026-06-19T08:38:29'),
(6, N'PLA-006', 5, N'Filamento PLA Verde', N'Verde', 2000, N'2026-06-19T08:38:29'),
(7, N'PLA-007', 1, N'Filamento PLA Azul', N'Azul', 1500, N'2026-06-19T08:38:29'),
(8, N'PLA-008', 1, N'Filamento PLA Morado', N'Morado', 2000, N'2026-06-19T08:38:29'),
(9, N'PLA-009', 4, N'Filamento PLA Magenta', N'Magenta', 1000, N'2026-06-19T08:38:29'),
(10, N'PLA-010', 5, N'Filamento PLA Dulce de Leche', N'Dulce de Leche', 2000, N'2026-06-19T08:38:29'),
(11, N'PLA-011', 2, N'Filamento PLA Rústico', N'Rústico', 1000, N'2026-06-19T08:38:29'),
(12, N'PLA-012', 4, N'Filamento PLA Bordó', N'Bordó', 1500, N'2026-06-19T08:38:29'),
(13, N'PLA-013', 3, N'Filamento PLA Rojo', N'Rojo', 2000, N'2026-06-19T08:38:29'),
(14, N'PLA-014', 3, N'Filamento PLA Oro', N'Oro', 2000, N'2026-06-19T08:38:29'),
(15, N'RING-015', 4, N'Anillo de metal Plateado', N'Plateado', 200, N'2026-06-19T08:38:29'),
(16, N'RING-016', 1, N'Anillo de metal Dorado', N'Dorado', 200, N'2026-06-19T08:38:29'),
(17, N'RING-017', 2, N'Anillo de metal Negro', N'Negro', 300, N'2026-06-19T08:38:29'),
(18, N'RING-018', 1, N'Anillo de metal Bronce', N'Bronce', 500, N'2026-06-19T08:38:29'),
(19, N'RING-019', 4, N'Anillo de metal Cromo', N'Cromo', 200, N'2026-06-19T08:38:29'),
(20, N'RING-020', 2, N'Anillo de metal Azul grisáceo', N'Azul grisáceo', 500, N'2026-06-19T08:38:29');
SET IDENTITY_INSERT [dbo].[Material] OFF;
GO

-- MaterialInventory (20 rows)
SET IDENTITY_INSERT [dbo].[MaterialInventory] ON;
INSERT INTO [dbo].[MaterialInventory] ([MaterialInventoryID], [MaterialID], [PackageCapacity], [ClosedPackageCount], [OpenPackageCount], [RemainingPercentage], [UpdatedAt]) VALUES
(1, 1, 1000, 5, 0, 100, N'2026-06-19T08:38:29'),
(2, 2, 1000, 12, 1, 83.99, N'2026-06-19T08:38:29'),
(3, 3, 1000, 6, 1, 56.73, N'2026-06-19T08:38:29'),
(4, 4, 1000, 5, 0, 100, N'2026-06-19T08:38:29'),
(5, 5, 1000, 10, 1, 71.69, N'2026-06-19T08:38:29'),
(6, 6, 1000, 10, 1, 73.7, N'2026-06-19T08:38:29'),
(7, 7, 1000, 4, 1, 42.16, N'2026-06-19T08:38:29'),
(8, 8, 1000, 9, 1, 89.71, N'2026-06-19T08:38:29'),
(9, 9, 1000, 12, 1, 93.8, N'2026-06-19T08:38:29'),
(10, 10, 1000, 12, 0, 100, N'2026-06-19T08:38:29'),
(11, 11, 1000, 12, 1, 75.94, N'2026-06-19T08:38:29'),
(12, 12, 1000, 6, 0, 100, N'2026-06-19T08:38:29'),
(13, 13, 1000, 4, 1, 62.31, N'2026-06-19T08:38:29'),
(14, 14, 1000, 11, 0, 100, N'2026-06-19T08:38:29'),
(15, 15, 100, 2, 1, 76.98, N'2026-06-19T08:38:29'),
(16, 16, 100, 4, 0, 100, N'2026-06-19T08:38:29'),
(17, 17, 100, 7, 1, 35.25, N'2026-06-19T08:38:29'),
(18, 18, 100, 4, 1, 32.66, N'2026-06-19T08:38:29'),
(19, 19, 100, 5, 0, 100, N'2026-06-19T08:38:29'),
(20, 20, 100, 5, 1, 14.47, N'2026-06-19T08:38:29');
SET IDENTITY_INSERT [dbo].[MaterialInventory] OFF;
GO

-- Currency (2 rows)
INSERT INTO [dbo].[Currency] ([ISOAlpha3], [NumericCode], [Name], [Symbol], [FractionalDigits], [Active], [CreatedAt]) VALUES
(N'ARS', N'032', N'Peso Argentino', N'$', 2, 1, N'2026-06-19T08:37:17'),
(N'USD', N'840', N'US Dollar', N'US$', 2, 1, N'2026-06-19T08:37:17');
GO

-- Product (50 rows)
SET IDENTITY_INSERT [dbo].[Product] ON;
INSERT INTO [dbo].[Product] ([ProductID], [Name], [Description], [Active], [CategoryID], [UnitPrice], [UnitCost], [CurrencyCode], [Stock], [Discontinued]) VALUES
(1, N'Llavero Creeper Minecraft', N'Bloque verde explosivo que representa el enemigo icónico de Minecraft.', 1, 1, 3350, 1260, N'ARS', 20, 0),
(2, N'Imán Rick Sanchez', N'¡Wubba lubba dub dub! Retrato del Científico Loco para tu refrigerador.', 1, 2, 2850, 1336, N'ARS', 61, 0),
(3, N'Llavero Bomba Plantas vs Zombies', N'Planta explosiva lista para defender tu hogar de invasores.', 1, 1, 2450, 855, N'ARS', 4, 0),
(4, N'Imán Red Angry Birds', N'El pájaro rojo furioso en formato magnético para tu colección.', 1, 2, 3400, 1317, N'ARS', 53, 1),
(5, N'Llavero Peppa Pig Salto en Charco', N'¡Snort! Peppa saltando en su charco favorito.', 1, 1, 1650, 755, N'ARS', 6, 1),
(6, N'Llavero Finn y Jake Aventura', N'Los mejores amigos del Mundo de Ooo listos para acompañarte.', 1, 1, 3350, 1611, N'ARS', 41, 0),
(7, N'Imán Calabaza Halloween', N'Brillante calabaza de Halloween en naranja y negro para tu puerta.', 1, 2, 2250, 1088, N'ARS', 26, 0),
(8, N'Llavero Árbol Navideño', N'Decorativo abeto navideño con detalles en dorado y verde.', 1, 1, 2450, 816, N'ARS', 69, 0),
(9, N'Imán Diamante Minecraft', N'El mineral más valioso de Minecraft en forma de imán brillante.', 1, 2, 3000, 1130, N'ARS', 39, 1),
(10, N'Llavero Cereza Plantas vs Zombies', N'Fruta explosiva que cae del cielo para destrozar a los enemigos.', 1, 1, 2100, 825, N'ARS', 71, 0),
(11, N'Imán Morty Smith', N'¡Oh, geez! El joven Morty en formato de imán para tu nevera.', 1, 2, 3150, 1373, N'ARS', 39, 1),
(12, N'Llavero Chuck Angry Birds', N'Pájaro amarillo veloz que atraviesa estructuras con impacto.', 1, 1, 2150, 679, N'ARS', 37, 0),
(13, N'Imán George Pig', N'El hermano pequeño de Peppa con su expresión pícara característica.', 1, 2, 3250, 1003, N'ARS', 14, 0),
(14, N'Llavero Princesa Bubblegum', N'Gobernante del Reino de Candy con su corona rosada distintiva.', 1, 1, 1600, 740, N'ARS', 43, 0),
(15, N'Imán Corazón Rojo San Valentín', N'Corazón translúcido rojo perfecto para expresar amor en febrero.', 1, 2, 2650, 896, N'ARS', 30, 0),
(16, N'Llavero Pingüino Invierno', N'Adorable pingüino con bufanda y gorro para la temporada fría.', 1, 1, 2750, 1045, N'ARS', 28, 0),
(17, N'Imán Zombie Verde PvZ', N'Enemigo clásico de Plantas vs Zombies para tu colección.', 1, 2, 1700, 833, N'ARS', 9, 0),
(18, N'Llavero Portal Verde Rick and Morty', N'El icónico portal verde que conecta infinitos universos.', 1, 1, 3150, 1451, N'ARS', 66, 0),
(19, N'Imán Matilda Angry Birds', N'Pájaro blanco ponen huevos como proyectiles explosivos.', 1, 2, 3350, 1606, N'ARS', 8, 0),
(20, N'Llavero Sandía Verano', N'Fruta refrescante verde y roja ideal para días soleados.', 1, 1, 3750, 1246, N'ARS', 17, 0),
(21, N'Imán Steve Minecraft', N'El personaje jugador principal con su pico de diamante.', 1, 2, 2500, 1071, N'ARS', 65, 0),
(22, N'Llavero Fantasma Halloween', N'Espectro blanco flotante con expresión amigable.', 1, 1, 3650, 1698, N'ARS', 47, 0),
(23, N'Imán Bastón Azucarado Navidad', N'Dulce navideño rayado en rojo y blanco para decoraciones festivas.', 1, 2, 3200, 1208, N'ARS', 52, 0),
(24, N'Llavero Cactus Desierto Minecraft', N'Planta espinosa del bioma desértico de Minecraft.', 1, 1, 3650, 1461, N'ARS', 45, 0),
(25, N'Imán Girasol Plantas vs Zombies', N'Flor dorada que genera energía solar para tus defensas vegetales.', 1, 2, 3050, 980, N'ARS', 73, 0),
(26, N'Llavero Aldeano Minecraft', N'Personaje comerciante con nariz característica y atuendo marrón.', 1, 1, 1600, 795, N'ARS', 68, 0),
(27, N'Imán Summer Smith', N'Nieta aventurera de Rick con su famoso vestido naranja y actitud rebelde.', 1, 2, 1400, 470, N'ARS', 47, 0),
(28, N'Llavero Nuez Plantas vs Zombies', N'Barrera defensiva de madera que protege tu jardín de invasores.', 1, 1, 3250, 1343, N'ARS', 67, 0),
(29, N'Imán Terence Angry Birds', N'Gran pájaro rojo esférico que destruye todo a su paso.', 1, 2, 2550, 1266, N'ARS', 76, 0),
(30, N'Llavero Cerdo Papá Pig', N'Padre de la familia con sombrero y gafas, siempre sonriendo.', 1, 1, 2450, 1143, N'ARS', 70, 1),
(31, N'Imán Marceline la Reina Vampiro', N'Personaje gótico con bajo rojo del Reino de Ooo.', 1, 2, 3500, 1084, N'ARS', 5, 0),
(32, N'Llavero Bruja Halloween Naranja', N'Bruja clásica con sombrero puntiagudo y varita mágica.', 1, 1, 2200, 919, N'ARS', 71, 0),
(33, N'Imán Muñeco de Nieve Navidad', N'Frosty navideño con carbón, bufanda y sombrero de copa.', 1, 2, 1250, 476, N'ARS', 51, 0),
(34, N'Llavero Enderman Minecraft', N'Criatura alta y oscura con bloques en las manos.', 1, 1, 2900, 1272, N'ARS', 12, 0),
(35, N'Imán Congelador Plantas vs Zombies', N'Planta que congela enemigos con poder glacial.', 1, 2, 2400, 1174, N'ARS', 3, 0),
(36, N'Llavero Serpiente de Portal Rick and Morty', N'Criatura interdimensional con tecnología alienígena.', 1, 1, 1600, 684, N'ARS', 56, 0),
(37, N'Imán Águila Dorada Angry Birds', N'Jefe épico de plumas de oro con corona imperial.', 1, 2, 1600, 582, N'ARS', 59, 0),
(38, N'Llavero Cerdita Suzy Sheep', N'Mejor amiga de Peppa con carácter dulce y afectuoso.', 1, 1, 4050, 1758, N'ARS', 2, 0),
(39, N'Imán Tierra Lumpy Space', N'Mundo nuboso y esponjoso de Adventure Time.', 1, 2, 3300, 1348, N'ARS', 2, 0),
(40, N'Llavero Caramelo San Valentín', N'Dulce en forma de corazón con envoltorio brillante.', 1, 1, 1800, 549, N'ARS', 64, 1),
(41, N'Imán Copo de Nieve Invierno', N'Cristal de hielo simétrico perfecto para la temporada invernal.', 1, 2, 1900, 660, N'ARS', 60, 0),
(42, N'Llavero Cucaracha Zombi PvZ', N'Insecto revivido que avanza entre plantas defensoras.', 1, 1, 2950, 1325, N'ARS', 66, 0),
(43, N'Imán Alien Verde Invasor', N'Visitante extraterrestre clásico de ojos grandes.', 1, 2, 2600, 826, N'ARS', 18, 0),
(44, N'Llavero Cerdo Cerdicero Angry Birds', N'Villano porcino verde con estructura construida.', 1, 1, 3300, 1142, N'ARS', 0, 0),
(45, N'Imán Sol de Verano', N'Astro brillante radiante para días de calor intenso.', 1, 2, 2750, 1117, N'ARS', 36, 1),
(46, N'Llavero Araña Minecraft Roja', N'Artrópodo verde y rojo enemigo de la noche.', 1, 1, 2250, 1023, N'ARS', 10, 1),
(47, N'Imán Gato Negro Halloween', N'Felino oscuro con ojos brillantes típico del 31 de octubre.', 1, 2, 2500, 867, N'ARS', 61, 1),
(48, N'Llavero Reno Navideño', N'Reno de trineo con arnés rojo y nariz brillante.', 1, 1, 3600, 1595, N'ARS', 22, 0),
(49, N'Imán Bloque Obsidiana Minecraft', N'Bloque morado oscuro más resistente del juego.', 1, 2, 2050, 822, N'ARS', 39, 0),
(50, N'Llavero Cerezo Plantas vs Zombies', N'Árbol frutal explosivo que cae desde los cielos.', 1, 1, 1850, 846, N'ARS', 18, 1);
SET IDENTITY_INSERT [dbo].[Product] OFF;
GO

-- Status (3 rows)
SET IDENTITY_INSERT [dbo].[Status] ON;
INSERT INTO [dbo].[Status] ([StatusID], [Name], [Active]) VALUES
(1, N'Recibido', 1),
(2, N'En Proceso', 1),
(3, N'Cancelado', 1);
SET IDENTITY_INSERT [dbo].[Status] OFF;
GO

-- PaymentMethod (5 rows)
SET IDENTITY_INSERT [dbo].[PaymentMethod] ON;
INSERT INTO [dbo].[PaymentMethod] ([PaymentMethodID], [Type], [Name], [Active], [RequiresReconciliation], [CreatedAt]) VALUES
(1, N'EFECTIVO', N'Efectivo', 1, 0, N'2026-06-19T08:37:17'),
(2, N'CREDITO', N'Tarjeta de Crédito', 1, 1, N'2026-06-19T08:37:17'),
(3, N'DEBITO', N'Tarjeta de Débito', 1, 1, N'2026-06-19T08:37:17'),
(4, N'DEPOSITO', N'Depósito/Transferencia', 1, 1, N'2026-06-19T08:37:17'),
(5, N'PAYPAL', N'Paypal', 1, 1, N'2026-06-19T08:37:17');
SET IDENTITY_INSERT [dbo].[PaymentMethod] OFF;
GO

-- Customer (10 rows)
SET IDENTITY_INSERT [dbo].[Customer] ON;
INSERT INTO [dbo].[Customer] ([CustomerID], [FirstName], [LastName], [Email], [PhoneNumber], [Active], [created_at], [updated_at]) VALUES
(1, N'Magdalena', N'Mansilla', N'magdalena.mansilla@gmail.com', N'+54 161 535 2760', 1, N'2026-04-17T08:39:30', N'2026-05-29T08:39:30'),
(2, N'Lara', N'Páez', N'lara.páez@twc.com', N'+54 122 649 0022', 1, N'2025-12-28T08:39:30', NULL),
(3, N'Miguel', N'Cáceres', N'miguel.cáceres@gmail.com', N'+54 176 570 3191', 1, N'2025-12-10T08:39:30', NULL),
(4, N'Cecilia', N'Santoro', N'cecilia.santoro@gmail.com', N'+54 162 054 0540', 1, N'2025-11-27T08:39:30', N'2026-04-05T08:39:30'),
(5, N'Claudio', N'Navarro', N'claudio.navarro@gmail.com', N'+54 248 165 5441', 1, N'2026-04-03T08:39:30', NULL),
(6, N'Alejo', N'Acosta', N'alejo.acosta@icloud.com', N'+54 881 317 5272', 1, N'2025-10-18T08:39:30', N'2026-04-17T08:39:30'),
(7, N'Marcela', N'Benítez', N'marcela.benítez@gmail.com', N'+54 012 840 7029', 1, N'2026-06-16T08:39:30', NULL),
(8, N'Mateo', N'Baez', N'mateo.baez@icloud.com', N'+54 133 847 8373', 1, N'2025-11-29T08:39:30', NULL),
(9, N'Paula', N'Gutiérrez', N'paula.gutiérrez@hotmail.com', N'+54 613 463 7132', 0, N'2025-11-17T08:39:30', NULL),
(10, N'Thiago', N'Caballero', N'thiago.caballero@gmail.com', N'+54 771 355 3666', 1, N'2025-10-27T08:39:30', NULL);
SET IDENTITY_INSERT [dbo].[Customer] OFF;
GO

-- Sale (80 rows)
SET IDENTITY_INSERT [dbo].[Sale] ON;
INSERT INTO [dbo].[Sale] ([SaleID], [CreatedAt], [UserID], [CustomerID], [Customer], [DiscountAmount], [DiscountPercentage], [TaxPercentage], [TaxAmount], [CurrencyCode], [Total], [Observation]) VALUES
(1, N'2026-06-08T13:59:41', 2, 4, N'Cecilia Santoro', 0, 0, 21, 3265.5, N'ARS', 18815.5, NULL),
(2, N'2025-08-03T12:22:53', 1, 4, N'Cecilia Santoro', 0, 0, 21, 4494, N'ARS', 25894, N'Pedido personalizado'),
(3, N'2026-03-31T15:01:52', 2, 3, N'Miguel Cáceres', 2190, 15, 21, 3066, N'ARS', 15476, NULL),
(4, N'2026-02-16T15:17:59', 1, 3, N'Miguel Cáceres', 0, 0, 21, 5925.15, N'ARS', 34140.15, N'Pedido personalizado'),
(5, N'2025-10-19T14:09:40', 2, 10, N'Thiago Caballero', 0, 0, 21, 2992.5, N'ARS', 17242.5, N'Pedido personalizado'),
(6, N'2026-04-22T12:23:02', 1, 1, N'Magdalena Mansilla', 1280, 10, 21, 2688, N'ARS', 14208, NULL),
(7, N'2025-10-26T17:27:45', 1, 6, N'Alejo Acosta', 0, 0, 21, 6247.5, N'ARS', 35997.5, NULL),
(8, N'2026-05-29T18:17:47', 2, 9, N'Paula Gutiérrez', 0, 0, 21, 546, N'ARS', 3146, NULL),
(9, N'2026-04-11T19:12:57', 1, 1, N'Magdalena Mansilla', 0, 0, 21, 4679.85, N'ARS', 26964.85, NULL),
(10, N'2026-02-24T18:52:54', 1, 5, N'Claudio Navarro', 0, 0, 21, 7942.2, N'ARS', 45762.2, N'Pedido personalizado'),
(11, N'2026-04-23T12:26:08', 2, 1, N'Magdalena Mansilla', 0, 0, 21, 1513.05, N'ARS', 8718.05, NULL),
(12, N'2025-08-01T19:23:40', 2, 4, N'Cecilia Santoro', 0, 0, 21, 4176.9, N'ARS', 24066.9, NULL),
(13, N'2026-04-24T09:08:11', 2, 2, N'Lara Páez', 0, 0, 21, 10046.4, N'ARS', 57886.4, NULL),
(14, N'2025-08-28T16:19:33', 1, 8, N'Mateo Baez', 0, 0, 21, 7455, N'ARS', 42955, NULL),
(15, N'2026-05-18T13:19:38', 2, 5, N'Claudio Navarro', 0, 0, 21, 4326, N'ARS', 24926, NULL),
(16, N'2025-11-17T13:52:17', 1, 7, N'Marcela Benítez', 0, 0, 21, 850.5, N'ARS', 4900.5, NULL),
(17, N'2025-11-06T09:46:19', 2, 3, N'Miguel Cáceres', 3814.13, 15, 21, 5339.78, N'ARS', 26953.15, NULL),
(18, N'2025-10-17T13:52:22', 2, 5, N'Claudio Navarro', 0, 0, 21, 3811.5, N'ARS', 21961.5, N'Pedido personalizado'),
(19, N'2025-08-05T09:21:30', 1, 3, N'Miguel Cáceres', 0, 0, 21, 9903.6, N'ARS', 57063.6, NULL),
(20, N'2026-01-20T09:32:53', 1, 1, N'Magdalena Mansilla', 0, 0, 21, 6174, N'ARS', 35574, NULL),
(21, N'2026-02-10T09:33:58', 2, 2, N'Lara Páez', 0, 0, 21, 2461.2, N'ARS', 14181.2, N'Pedido personalizado'),
(22, N'2025-09-24T19:51:10', 2, 3, N'Miguel Cáceres', 0, 0, 21, 577.5, N'ARS', 3327.5, NULL),
(23, N'2026-04-07T18:54:53', 2, 1, N'Magdalena Mansilla', 475, 5, 21, 1995, N'ARS', 11020, NULL),
(24, N'2025-08-27T10:20:30', 2, 1, N'Magdalena Mansilla', 0, 0, 21, 5256.83, N'ARS', 30289.33, NULL),
(25, N'2026-05-26T16:19:03', 1, 1, N'Magdalena Mansilla', 0, 0, 21, 5027.4, N'ARS', 28967.4, NULL),
(26, N'2025-11-05T16:32:10', 2, 6, N'Alejo Acosta', 2200, 10, 21, 4620, N'ARS', 24420, NULL),
(27, N'2026-06-02T15:40:46', 2, 4, N'Cecilia Santoro', 405, 10, 21, 850.5, N'ARS', 4495.5, NULL),
(28, N'2026-06-08T16:01:56', 1, 6, N'Alejo Acosta', 0, 0, 21, 5407.5, N'ARS', 31157.5, NULL),
(29, N'2026-03-22T12:53:06', 2, 6, N'Alejo Acosta', 0, 0, 21, 9697.8, N'ARS', 55877.8, N'Pedido personalizado'),
(30, N'2026-04-01T16:14:52', 2, 5, N'Claudio Navarro', 0, 0, 21, 6352.5, N'ARS', 36602.5, NULL),
(31, N'2026-01-14T10:29:12', 2, 1, N'Magdalena Mansilla', 820, 5, 21, 3444, N'ARS', 19024, NULL),
(32, N'2025-10-11T10:00:13', 1, 8, N'Mateo Baez', 0, 0, 21, 1008, N'ARS', 5808, NULL),
(33, N'2026-06-19T19:29:01', 2, 9, N'Paula Gutiérrez', 0, 0, 21, 3529.05, N'ARS', 20334.05, N'Pedido personalizado'),
(34, N'2026-05-01T11:18:06', 2, 4, N'Cecilia Santoro', 0, 0, 21, 6043.8, N'ARS', 34823.8, NULL),
(35, N'2026-05-21T11:41:18', 2, 5, N'Claudio Navarro', 950, 10, 21, 1995, N'ARS', 10545, N'Pedido personalizado'),
(36, N'2026-04-14T11:38:49', 1, 10, N'Thiago Caballero', 0, 0, 21, 2016, N'ARS', 11616, NULL),
(37, N'2025-08-15T17:59:41', 1, 9, N'Paula Gutiérrez', 0, 0, 21, 4053, N'ARS', 23353, NULL),
(38, N'2026-01-05T15:56:40', 2, 3, N'Miguel Cáceres', 0, 0, 21, 5712, N'ARS', 32912, NULL),
(39, N'2025-11-30T13:03:56', 2, 4, N'Cecilia Santoro', 2679.75, 15, 21, 3751.65, N'ARS', 18936.9, NULL),
(40, N'2025-08-26T11:03:35', 2, 3, N'Miguel Cáceres', 0, 0, 21, 2761.5, N'ARS', 15911.5, N'Pedido personalizado'),
(41, N'2026-02-09T19:16:46', 1, 2, N'Lara Páez', 0, 0, 21, 1197, N'ARS', 6897, N'Pedido personalizado'),
(42, N'2025-10-01T15:51:47', 1, 4, N'Cecilia Santoro', 0, 0, 21, 1008, N'ARS', 5808, N'Pedido personalizado'),
(43, N'2026-02-11T09:09:44', 2, 3, N'Miguel Cáceres', 0, 0, 21, 8570.1, N'ARS', 49380.1, NULL),
(44, N'2026-01-01T18:51:51', 2, 3, N'Miguel Cáceres', 0, 0, 21, 4200, N'ARS', 24200, NULL),
(45, N'2026-03-09T10:27:49', 2, 3, N'Miguel Cáceres', 0, 0, 21, 2593.5, N'ARS', 14943.5, NULL),
(46, N'2025-12-12T19:52:10', 2, 2, N'Lara Páez', 0, 0, 21, 6274.8, N'ARS', 36154.8, NULL),
(47, N'2026-02-16T19:52:34', 1, 1, N'Magdalena Mansilla', 3195, 15, 21, 4473, N'ARS', 22578, NULL),
(48, N'2025-08-28T18:40:51', 1, 6, N'Alejo Acosta', 0, 0, 21, 3386.25, N'ARS', 19511.25, NULL),
(49, N'2026-04-03T19:10:03', 2, 7, N'Marcela Benítez', 3270, 10, 21, 6867, N'ARS', 36297, N'Pedido personalizado'),
(50, N'2025-07-26T16:34:07', 1, 7, N'Marcela Benítez', 0, 0, 21, 2872.8, N'ARS', 16552.8, N'Pedido personalizado'),
(51, N'2026-02-15T09:58:44', 2, 1, N'Magdalena Mansilla', 1004.25, 5, 21, 4217.85, N'ARS', 23298.6, N'Pedido personalizado'),
(52, N'2025-12-14T10:29:02', 2, 1, N'Magdalena Mansilla', 0, 0, 21, 7389.9, N'ARS', 42579.9, N'Pedido personalizado'),
(53, N'2025-07-10T10:48:31', 2, 1, N'Magdalena Mansilla', 0, 0, 21, 2184, N'ARS', 12584, NULL),
(54, N'2026-02-09T12:51:49', 2, 4, N'Cecilia Santoro', 1180, 5, 21, 4956, N'ARS', 27376, N'Pedido personalizado'),
(55, N'2026-04-29T12:48:59', 2, 5, N'Claudio Navarro', 1729.5, 10, 21, 3631.95, N'ARS', 19197.45, N'Pedido personalizado'),
(56, N'2025-08-13T16:17:09', 2, 1, N'Magdalena Mansilla', 0, 0, 21, 7035, N'ARS', 40535, N'Pedido personalizado'),
(57, N'2025-12-15T09:10:34', 2, 5, N'Claudio Navarro', 890, 5, 21, 3738, N'ARS', 20648, NULL),
(58, N'2026-06-10T09:54:52', 2, 8, N'Mateo Baez', 1795.13, 5, 21, 7539.53, N'ARS', 41646.9, N'Pedido personalizado'),
(59, N'2026-04-15T19:14:39', 2, 1, N'Magdalena Mansilla', 0, 0, 21, 6667.5, N'ARS', 38417.5, NULL),
(60, N'2026-01-12T14:45:27', 2, 2, N'Lara Páez', 0, 0, 21, 462, N'ARS', 2662, NULL),
(61, N'2025-10-29T13:51:42', 2, 3, N'Miguel Cáceres', 0, 0, 21, 3234, N'ARS', 18634, NULL),
(62, N'2026-05-03T10:15:24', 2, 7, N'Marcela Benítez', 0, 0, 21, 8463, N'ARS', 48763, NULL),
(63, N'2026-01-18T18:57:56', 2, 4, N'Cecilia Santoro', 0, 0, 21, 6793.5, N'ARS', 39143.5, NULL),
(64, N'2025-12-28T17:40:53', 2, 7, N'Marcela Benítez', 630, 10, 21, 1323, N'ARS', 6993, NULL),
(65, N'2025-07-30T18:06:47', 1, 5, N'Claudio Navarro', 0, 0, 21, 1281, N'ARS', 7381, NULL),
(66, N'2026-06-07T10:52:21', 1, 2, N'Lara Páez', 0, 0, 21, 5336.63, N'ARS', 30749.13, NULL),
(67, N'2025-12-27T15:24:14', 2, 1, N'Magdalena Mansilla', 1780, 10, 21, 3738, N'ARS', 19758, N'Pedido personalizado'),
(68, N'2025-11-26T10:02:53', 2, 1, N'Magdalena Mansilla', 0, 0, 21, 5555.03, N'ARS', 32007.53, NULL),
(69, N'2025-08-06T16:36:11', 2, 1, N'Magdalena Mansilla', 0, 0, 21, 3538.5, N'ARS', 20388.5, NULL),
(70, N'2026-02-09T16:38:45', 1, 8, N'Mateo Baez', 0, 0, 21, 2673.3, N'ARS', 15403.3, N'Pedido personalizado'),
(71, N'2025-07-13T19:28:04', 1, 8, N'Mateo Baez', 2752.5, 15, 21, 3853.5, N'ARS', 19451, NULL),
(72, N'2026-03-20T12:23:52', 1, 6, N'Alejo Acosta', 0, 0, 21, 7501.2, N'ARS', 43221.2, N'Pedido personalizado'),
(73, N'2026-02-16T17:18:49', 1, 6, N'Alejo Acosta', 2662.5, 15, 21, 3727.5, N'ARS', 18815, NULL),
(74, N'2025-09-10T16:36:30', 2, 2, N'Lara Páez', 0, 0, 21, 2415, N'ARS', 13915, NULL),
(75, N'2025-08-03T15:45:33', 1, 6, N'Alejo Acosta', 0, 0, 21, 2877, N'ARS', 16577, NULL),
(76, N'2025-12-16T17:44:02', 2, 10, N'Thiago Caballero', 1222.5, 5, 21, 5134.5, N'ARS', 28362, NULL),
(77, N'2025-07-26T11:52:41', 2, 5, N'Claudio Navarro', 0, 0, 21, 7245, N'ARS', 41745, NULL),
(78, N'2025-11-01T12:12:26', 2, 2, N'Lara Páez', 0, 0, 21, 1218, N'ARS', 7018, NULL),
(79, N'2026-06-19T17:45:22', 2, 5, N'Claudio Navarro', 3220, 10, 21, 6762, N'ARS', 35742, NULL),
(80, N'2025-08-12T10:02:36', 2, 1, N'Magdalena Mansilla', 0, 0, 21, 2400.83, N'ARS', 13833.33, N'Pedido personalizado');
SET IDENTITY_INSERT [dbo].[Sale] OFF;
GO

-- SaleDetail (252 rows)
SET IDENTITY_INSERT [dbo].[SaleDetail] ON;
INSERT INTO [dbo].[SaleDetail] ([SaleDetailID], [SaleID], [ProductID], [Quantity], [UnitPrice], [DiscountAmount], [DiscountPercentage], [TaxPercentage], [TaxAmount], [SubTotal]) VALUES
(1, 1, 1, 2, 3350, 0, 0, 21, 1407, 8107),
(2, 1, 42, 3, 2950, 0, 0, 21, 1858.5, 10708.5),
(3, 2, 29, 3, 2550, 0, 0, 21, 1606.5, 9256.5),
(4, 2, 22, 2, 3650, 0, 0, 21, 1533, 8833),
(5, 2, 12, 3, 2150, 0, 0, 21, 1354.5, 7804.5),
(6, 3, 24, 4, 3650, 0, 0, 21, 3066, 17666),
(7, 4, 8, 3, 2450, 735, 10, 21, 1389.15, 8004.15),
(8, 4, 21, 2, 2500, 0, 0, 21, 1050, 6050),
(9, 4, 43, 2, 2600, 0, 0, 21, 1092, 6292),
(10, 4, 28, 2, 3250, 0, 0, 21, 1365, 7865),
(11, 4, 3, 2, 2450, 0, 0, 21, 1029, 5929),
(12, 5, 22, 3, 3650, 0, 0, 21, 2299.5, 13249.5),
(13, 5, 44, 1, 3300, 0, 0, 21, 693, 3993),
(14, 6, 35, 4, 2400, 0, 0, 21, 2016, 11616),
(15, 6, 26, 2, 1600, 0, 0, 21, 672, 3872),
(16, 7, 38, 4, 4050, 0, 0, 21, 3402, 19602),
(17, 7, 29, 1, 2550, 0, 0, 21, 535.5, 3085.5),
(18, 7, 44, 2, 3300, 0, 0, 21, 1386, 7986),
(19, 7, 32, 2, 2200, 0, 0, 21, 924, 5324),
(20, 8, 43, 1, 2600, 0, 0, 21, 546, 3146),
(21, 9, 12, 1, 2150, 215, 10, 21, 406.35, 2341.35),
(22, 9, 22, 4, 3650, 0, 0, 21, 3066, 17666),
(23, 9, 33, 2, 1250, 0, 0, 21, 525, 3025),
(24, 9, 28, 1, 3250, 0, 0, 21, 682.5, 3932.5),
(25, 10, 1, 2, 3350, 0, 0, 21, 1407, 8107),
(26, 10, 29, 4, 2550, 0, 0, 21, 2142, 12342),
(27, 10, 44, 2, 3300, 330, 5, 21, 1316.7, 7586.7),
(28, 10, 16, 4, 2750, 0, 0, 21, 2310, 13310),
(29, 10, 22, 1, 3650, 0, 0, 21, 766.5, 4416.5),
(30, 11, 17, 1, 1700, 85, 5, 21, 339.15, 1954.15),
(31, 11, 34, 1, 2900, 145, 5, 21, 578.55, 3333.55),
(32, 11, 18, 1, 3150, 315, 10, 21, 595.35, 3430.35),
(33, 12, 20, 1, 3750, 0, 0, 21, 787.5, 4537.5),
(34, 12, 23, 1, 3200, 0, 0, 21, 672, 3872),
(35, 12, 14, 1, 1600, 0, 0, 21, 336, 1936),
(36, 12, 18, 4, 3150, 1260, 10, 21, 2381.4, 13721.4),
(37, 13, 20, 3, 3750, 1125, 10, 21, 2126.25, 12251.25),
(38, 13, 10, 3, 2100, 630, 10, 21, 1190.7, 6860.7),
(39, 13, 38, 4, 4050, 0, 0, 21, 3402, 19602),
(40, 13, 17, 4, 1700, 0, 0, 21, 1428, 8228),
(41, 13, 1, 3, 3350, 1005, 10, 21, 1899.45, 10944.45),
(42, 14, 37, 2, 1600, 0, 0, 21, 672, 3872),
(43, 14, 14, 3, 1600, 0, 0, 21, 1008, 5808),
(44, 14, 15, 4, 2650, 0, 0, 21, 2226, 12826),
(45, 14, 24, 2, 3650, 0, 0, 21, 1533, 8833),
(46, 14, 23, 3, 3200, 0, 0, 21, 2016, 11616),
(47, 15, 48, 2, 3600, 0, 0, 21, 1512, 8712),
(48, 15, 1, 4, 3350, 0, 0, 21, 2814, 16214),
(49, 16, 7, 2, 2250, 450, 10, 21, 850.5, 4900.5),
(50, 17, 27, 2, 1400, 0, 0, 21, 588, 3388),
(51, 17, 12, 3, 2150, 322.5, 5, 21, 1286.78, 7414.28),
(52, 17, 1, 2, 3350, 0, 0, 21, 1407, 8107),
(53, 17, 36, 2, 1600, 0, 0, 21, 672, 3872),
(54, 17, 32, 3, 2200, 0, 0, 21, 1386, 7986),
(55, 18, 35, 4, 2400, 0, 0, 21, 2016, 11616),
(56, 18, 2, 3, 2850, 0, 0, 21, 1795.5, 10345.5),
(57, 19, 18, 4, 3150, 630, 5, 21, 2513.7, 14483.7),
(58, 19, 2, 3, 2850, 855, 10, 21, 1615.95, 9310.95),
(59, 19, 1, 3, 3350, 1005, 10, 21, 1899.45, 10944.45),
(60, 19, 42, 3, 2950, 0, 0, 21, 1858.5, 10708.5),
(61, 19, 23, 3, 3200, 0, 0, 21, 2016, 11616),
(62, 20, 3, 4, 2450, 490, 5, 21, 1955.1, 11265.1),
(63, 20, 35, 2, 2400, 0, 0, 21, 1008, 5808),
(64, 20, 25, 3, 3050, 0, 0, 21, 1921.5, 11071.5),
(65, 20, 38, 1, 4050, 0, 0, 21, 850.5, 4900.5),
(66, 20, 32, 1, 2200, 110, 5, 21, 438.9, 2528.9),
(67, 21, 8, 1, 2450, 0, 0, 21, 514.5, 2964.5),
(68, 21, 27, 1, 1400, 0, 0, 21, 294, 1694),
(69, 21, 32, 3, 2200, 330, 5, 21, 1316.7, 7586.7),
(70, 21, 37, 1, 1600, 0, 0, 21, 336, 1936),
(71, 22, 16, 1, 2750, 0, 0, 21, 577.5, 3327.5),
(72, 23, 10, 3, 2100, 0, 0, 21, 1323, 7623),
(73, 23, 26, 2, 1600, 0, 0, 21, 672, 3872),
(74, 24, 10, 3, 2100, 0, 0, 21, 1323, 7623),
(75, 24, 31, 3, 3500, 0, 0, 21, 2205, 12705),
(76, 24, 33, 1, 1250, 0, 0, 21, 262.5, 1512.5),
(77, 24, 3, 3, 2450, 367.5, 5, 21, 1466.33, 8448.83),
(78, 25, 38, 1, 4050, 0, 0, 21, 850.5, 4900.5),
(79, 25, 34, 3, 2900, 0, 0, 21, 1827, 10527),
(80, 25, 2, 2, 2850, 0, 0, 21, 1197, 6897),
(81, 25, 25, 2, 3050, 610, 10, 21, 1152.9, 6642.9),
(82, 26, 22, 3, 3650, 0, 0, 21, 2299.5, 13249.5),
(83, 26, 1, 1, 3350, 0, 0, 21, 703.5, 4053.5),
(84, 26, 14, 1, 1600, 0, 0, 21, 336, 1936),
(85, 26, 25, 2, 3050, 0, 0, 21, 1281, 7381),
(86, 27, 38, 1, 4050, 0, 0, 21, 850.5, 4900.5),
(87, 28, 22, 3, 3650, 0, 0, 21, 2299.5, 13249.5),
(88, 28, 43, 4, 2600, 0, 0, 21, 2184, 12584),
(89, 28, 32, 2, 2200, 0, 0, 21, 924, 5324),
(90, 29, 2, 3, 2850, 0, 0, 21, 1795.5, 10345.5),
(91, 29, 34, 3, 2900, 870, 10, 21, 1644.3, 9474.3),
(92, 29, 32, 1, 2200, 0, 0, 21, 462, 2662),
(93, 29, 22, 4, 3650, 0, 0, 21, 3066, 17666),
(94, 29, 28, 4, 3250, 0, 0, 21, 2730, 15730),
(95, 30, 1, 2, 3350, 0, 0, 21, 1407, 8107),
(96, 30, 17, 2, 1700, 0, 0, 21, 714, 4114),
(97, 30, 2, 1, 2850, 0, 0, 21, 598.5, 3448.5),
(98, 30, 44, 1, 3300, 0, 0, 21, 693, 3993),
(99, 30, 31, 4, 3500, 0, 0, 21, 2940, 16940),
(100, 31, 26, 3, 1600, 0, 0, 21, 1008, 5808);

INSERT INTO [dbo].[SaleDetail] ([SaleDetailID], [SaleID], [ProductID], [Quantity], [UnitPrice], [DiscountAmount], [DiscountPercentage], [TaxPercentage], [TaxAmount], [SubTotal]) VALUES
(101, 31, 34, 4, 2900, 0, 0, 21, 2436, 14036),
(102, 32, 35, 2, 2400, 0, 0, 21, 1008, 5808),
(103, 33, 26, 4, 1600, 0, 0, 21, 1344, 7744),
(104, 33, 34, 1, 2900, 145, 5, 21, 578.55, 3333.55),
(105, 33, 29, 3, 2550, 0, 0, 21, 1606.5, 9256.5),
(106, 34, 38, 2, 4050, 0, 0, 21, 1701, 9801),
(107, 34, 31, 3, 3500, 0, 0, 21, 2205, 12705),
(108, 34, 37, 4, 1600, 0, 0, 21, 1344, 7744),
(109, 34, 10, 2, 2100, 420, 10, 21, 793.8, 4573.8),
(110, 35, 26, 2, 1600, 0, 0, 21, 672, 3872),
(111, 35, 10, 3, 2100, 0, 0, 21, 1323, 7623),
(112, 36, 35, 4, 2400, 0, 0, 21, 2016, 11616),
(113, 37, 17, 4, 1700, 0, 0, 21, 1428, 8228),
(114, 37, 43, 2, 2600, 0, 0, 21, 1092, 6292),
(115, 37, 24, 2, 3650, 0, 0, 21, 1533, 8833),
(116, 38, 32, 3, 2200, 0, 0, 21, 1386, 7986),
(117, 38, 13, 1, 3250, 0, 0, 21, 682.5, 3932.5),
(118, 38, 1, 1, 3350, 0, 0, 21, 703.5, 4053.5),
(119, 38, 31, 4, 3500, 0, 0, 21, 2940, 16940),
(120, 39, 19, 3, 3350, 0, 0, 21, 2110.5, 12160.5),
(121, 39, 26, 3, 1600, 0, 0, 21, 1008, 5808),
(122, 39, 1, 1, 3350, 335, 10, 21, 633.15, 3648.15),
(123, 40, 20, 2, 3750, 0, 0, 21, 1575, 9075),
(124, 40, 7, 2, 2250, 450, 10, 21, 850.5, 4900.5),
(125, 40, 37, 1, 1600, 0, 0, 21, 336, 1936),
(126, 41, 2, 2, 2850, 0, 0, 21, 1197, 6897),
(127, 42, 35, 2, 2400, 0, 0, 21, 1008, 5808),
(128, 43, 10, 3, 2100, 0, 0, 21, 1323, 7623),
(129, 43, 20, 1, 3750, 0, 0, 21, 787.5, 4537.5),
(130, 43, 38, 4, 4050, 0, 0, 21, 3402, 19602),
(131, 43, 35, 1, 2400, 0, 0, 21, 504, 2904),
(132, 43, 23, 4, 3200, 640, 5, 21, 2553.6, 14713.6),
(133, 44, 1, 4, 3350, 0, 0, 21, 2814, 16214),
(134, 44, 32, 3, 2200, 0, 0, 21, 1386, 7986),
(135, 45, 12, 4, 2150, 0, 0, 21, 1806, 10406),
(136, 45, 20, 1, 3750, 0, 0, 21, 787.5, 4537.5),
(137, 46, 7, 1, 2250, 0, 0, 21, 472.5, 2722.5),
(138, 46, 12, 4, 2150, 0, 0, 21, 1806, 10406),
(139, 46, 29, 3, 2550, 0, 0, 21, 1606.5, 9256.5),
(140, 46, 15, 2, 2650, 0, 0, 21, 1113, 6413),
(141, 46, 37, 4, 1600, 320, 5, 21, 1276.8, 7356.8),
(142, 47, 6, 1, 3350, 0, 0, 21, 703.5, 4053.5),
(143, 47, 44, 1, 3300, 0, 0, 21, 693, 3993),
(144, 47, 14, 4, 1600, 0, 0, 21, 1344, 7744),
(145, 47, 16, 3, 2750, 0, 0, 21, 1732.5, 9982.5),
(146, 48, 7, 3, 2250, 675, 10, 21, 1275.75, 7350.75),
(147, 48, 1, 3, 3350, 0, 0, 21, 2110.5, 12160.5),
(148, 49, 16, 2, 2750, 0, 0, 21, 1155, 6655),
(149, 49, 20, 3, 3750, 0, 0, 21, 2362.5, 13612.5),
(150, 49, 42, 1, 2950, 0, 0, 21, 619.5, 3569.5),
(151, 49, 31, 2, 3500, 700, 10, 21, 1323, 7623),
(152, 49, 6, 2, 3350, 0, 0, 21, 1407, 8107),
(153, 50, 49, 4, 2050, 820, 10, 21, 1549.8, 8929.8),
(154, 50, 10, 3, 2100, 0, 0, 21, 1323, 7623),
(155, 51, 2, 2, 2850, 285, 5, 21, 1137.15, 6552.15),
(156, 51, 36, 3, 1600, 480, 10, 21, 907.2, 5227.2),
(157, 51, 22, 2, 3650, 0, 0, 21, 1533, 8833),
(158, 51, 25, 1, 3050, 0, 0, 21, 640.5, 3690.5),
(159, 52, 12, 4, 2150, 860, 10, 21, 1625.4, 9365.4),
(160, 52, 36, 4, 1600, 0, 0, 21, 1344, 7744),
(161, 52, 31, 1, 3500, 0, 0, 21, 735, 4235),
(162, 52, 21, 3, 2500, 0, 0, 21, 1575, 9075),
(163, 52, 1, 3, 3350, 0, 0, 21, 2110.5, 12160.5),
(164, 53, 43, 4, 2600, 0, 0, 21, 2184, 12584),
(165, 54, 26, 3, 1600, 0, 0, 21, 1008, 5808),
(166, 54, 14, 1, 1600, 0, 0, 21, 336, 1936),
(167, 54, 49, 1, 2050, 0, 0, 21, 430.5, 2480.5),
(168, 54, 44, 2, 3300, 0, 0, 21, 1386, 7986),
(169, 54, 2, 3, 2850, 0, 0, 21, 1795.5, 10345.5),
(170, 55, 14, 1, 1600, 0, 0, 21, 336, 1936),
(171, 55, 1, 3, 3350, 1005, 10, 21, 1899.45, 10944.45),
(172, 55, 31, 2, 3500, 350, 5, 21, 1396.5, 8046.5),
(173, 56, 7, 1, 2250, 0, 0, 21, 472.5, 2722.5),
(174, 56, 3, 4, 2450, 0, 0, 21, 2058, 11858),
(175, 56, 15, 2, 2650, 0, 0, 21, 1113, 6413),
(176, 56, 36, 4, 1600, 0, 0, 21, 1344, 7744),
(177, 56, 28, 3, 3250, 0, 0, 21, 2047.5, 11797.5),
(178, 57, 13, 4, 3250, 0, 0, 21, 2730, 15730),
(179, 57, 26, 3, 1600, 0, 0, 21, 1008, 5808),
(180, 58, 13, 3, 3250, 0, 0, 21, 2047.5, 11797.5),
(181, 58, 25, 4, 3050, 0, 0, 21, 2562, 14762),
(182, 58, 26, 4, 1600, 0, 0, 21, 1344, 7744),
(183, 58, 15, 3, 2650, 397.5, 5, 21, 1586.03, 9138.53),
(184, 59, 3, 3, 2450, 0, 0, 21, 1543.5, 8893.5),
(185, 59, 14, 1, 1600, 0, 0, 21, 336, 1936),
(186, 59, 24, 1, 3650, 0, 0, 21, 766.5, 4416.5),
(187, 59, 15, 4, 2650, 0, 0, 21, 2226, 12826),
(188, 59, 2, 3, 2850, 0, 0, 21, 1795.5, 10345.5),
(189, 60, 32, 1, 2200, 0, 0, 21, 462, 2662),
(190, 61, 16, 4, 2750, 0, 0, 21, 2310, 13310),
(191, 61, 32, 2, 2200, 0, 0, 21, 924, 5324),
(192, 62, 34, 4, 2900, 0, 0, 21, 2436, 14036),
(193, 62, 1, 2, 3350, 0, 0, 21, 1407, 8107),
(194, 62, 23, 3, 3200, 0, 0, 21, 2016, 11616),
(195, 62, 28, 2, 3250, 0, 0, 21, 1365, 7865),
(196, 62, 42, 2, 2950, 0, 0, 21, 1239, 7139),
(197, 63, 22, 2, 3650, 0, 0, 21, 1533, 8833),
(198, 63, 12, 3, 2150, 0, 0, 21, 1354.5, 7804.5),
(199, 63, 18, 2, 3150, 0, 0, 21, 1323, 7623),
(200, 63, 36, 3, 1600, 0, 0, 21, 1008, 5808);

INSERT INTO [dbo].[SaleDetail] ([SaleDetailID], [SaleID], [ProductID], [Quantity], [UnitPrice], [DiscountAmount], [DiscountPercentage], [TaxPercentage], [TaxAmount], [SubTotal]) VALUES
(201, 63, 20, 2, 3750, 0, 0, 21, 1575, 9075),
(202, 64, 10, 3, 2100, 0, 0, 21, 1323, 7623),
(203, 65, 25, 2, 3050, 0, 0, 21, 1281, 7381),
(204, 66, 22, 4, 3650, 0, 0, 21, 3066, 17666),
(205, 66, 16, 1, 2750, 137.5, 5, 21, 548.63, 3161.13),
(206, 66, 49, 4, 2050, 0, 0, 21, 1722, 9922),
(207, 67, 12, 3, 2150, 645, 10, 21, 1219.05, 7024.05),
(208, 67, 44, 1, 3300, 0, 0, 21, 693, 3993),
(209, 67, 34, 1, 2900, 0, 0, 21, 609, 3509),
(210, 67, 25, 2, 3050, 305, 5, 21, 1216.95, 7011.95),
(211, 68, 10, 2, 2100, 0, 0, 21, 882, 5082),
(212, 68, 2, 1, 2850, 0, 0, 21, 598.5, 3448.5),
(213, 68, 22, 3, 3650, 1095, 10, 21, 2069.55, 11924.55),
(214, 68, 1, 3, 3350, 502.5, 5, 21, 2004.98, 11552.48),
(215, 69, 33, 3, 1250, 0, 0, 21, 787.5, 4537.5),
(216, 69, 36, 4, 1600, 0, 0, 21, 1344, 7744),
(217, 69, 1, 2, 3350, 0, 0, 21, 1407, 8107),
(218, 70, 1, 4, 3350, 670, 5, 21, 2673.3, 15403.3),
(219, 71, 20, 1, 3750, 0, 0, 21, 787.5, 4537.5),
(220, 71, 32, 3, 2200, 0, 0, 21, 1386, 7986),
(221, 71, 41, 2, 1900, 0, 0, 21, 798, 4598),
(222, 71, 10, 2, 2100, 0, 0, 21, 882, 5082),
(223, 72, 36, 4, 1600, 320, 5, 21, 1276.8, 7356.8),
(224, 72, 6, 4, 3350, 0, 0, 21, 2814, 16214),
(225, 72, 35, 4, 2400, 0, 0, 21, 2016, 11616),
(226, 72, 27, 4, 1400, 560, 10, 21, 1058.4, 6098.4),
(227, 72, 26, 1, 1600, 0, 0, 21, 336, 1936),
(228, 73, 12, 4, 2150, 0, 0, 21, 1806, 10406),
(229, 73, 17, 3, 1700, 0, 0, 21, 1071, 6171),
(230, 73, 38, 1, 4050, 0, 0, 21, 850.5, 4900.5),
(231, 74, 33, 4, 1250, 0, 0, 21, 1050, 6050),
(232, 74, 3, 2, 2450, 0, 0, 21, 1029, 5929),
(233, 74, 26, 1, 1600, 0, 0, 21, 336, 1936),
(234, 75, 12, 4, 2150, 0, 0, 21, 1806, 10406),
(235, 75, 29, 2, 2550, 0, 0, 21, 1071, 6171),
(236, 76, 6, 3, 3350, 0, 0, 21, 2110.5, 12160.5),
(237, 76, 19, 1, 3350, 0, 0, 21, 703.5, 4053.5),
(238, 76, 43, 3, 2600, 0, 0, 21, 1638, 9438),
(239, 76, 28, 1, 3250, 0, 0, 21, 682.5, 3932.5),
(240, 77, 13, 4, 3250, 0, 0, 21, 2730, 15730),
(241, 77, 34, 1, 2900, 0, 0, 21, 609, 3509),
(242, 77, 35, 1, 2400, 0, 0, 21, 504, 2904),
(243, 77, 38, 4, 4050, 0, 0, 21, 3402, 19602),
(244, 78, 34, 2, 2900, 0, 0, 21, 1218, 7018),
(245, 79, 1, 2, 3350, 0, 0, 21, 1407, 8107),
(246, 79, 2, 2, 2850, 0, 0, 21, 1197, 6897),
(247, 79, 22, 1, 3650, 0, 0, 21, 766.5, 4416.5),
(248, 79, 13, 3, 3250, 0, 0, 21, 2047.5, 11797.5),
(249, 79, 36, 4, 1600, 0, 0, 21, 1344, 7744),
(250, 80, 7, 2, 2250, 0, 0, 21, 945, 5445),
(251, 80, 20, 1, 3750, 0, 0, 21, 787.5, 4537.5),
(252, 80, 1, 1, 3350, 167.5, 5, 21, 668.33, 3850.83);
SET IDENTITY_INSERT [dbo].[SaleDetail] OFF;
GO

-- SalePayment (107 rows)
SET IDENTITY_INSERT [dbo].[SalePayment] ON;
INSERT INTO [dbo].[SalePayment] ([SalePaymentID], [SaleID], [PaymentMethodID], [CurrencyID], [ExchangeRateUsed], [AmountInPaymentCurrency], [AmountInSaleCurrency], [PaymentDate], [TransactionReference]) VALUES
(1, 1, 2, N'ARS', 1, 9407.75, 9407.75, N'2026-06-08T15:08:41', N'TXN-1-1-67543'),
(2, 1, 2, N'ARS', 1, 9407.75, 9407.75, N'2026-06-08T14:36:41', N'TXN-1-2-76395'),
(3, 2, 5, N'USD', 1000, 12.95, 12947, N'2025-08-03T14:14:53', N'TXN-2-1-54'),
(4, 2, 4, N'ARS', 1, 12947, 12947, N'2025-08-03T12:44:53', N'TXN-2-2-76411'),
(5, 3, 3, N'ARS', 1, 15476, 15476, N'2026-03-31T15:45:52', N'TXN-3-1-30610'),
(6, 4, 5, N'USD', 1000, 34.14, 34140.15, N'2026-02-16T15:23:59', N'TXN-4-1-29841'),
(7, 5, 1, N'ARS', 1, 17242.5, 17242.5, N'2025-10-19T15:46:40', NULL),
(8, 6, 5, N'ARS', 1, 7104, 7104, N'2026-04-22T14:26:02', N'TXN-6-1-87033'),
(9, 6, 5, N'USD', 1000, 7.1, 7104, N'2026-04-22T13:15:02', N'TXN-6-2-96621'),
(10, 7, 2, N'ARS', 1, 17998.75, 17998.75, N'2025-10-26T18:42:45', N'TXN-7-1-39444'),
(11, 7, 4, N'ARS', 1, 17998.75, 17998.75, N'2025-10-26T18:33:45', N'TXN-7-2-39509'),
(12, 8, 5, N'ARS', 1, 3146, 3146, N'2026-05-29T20:08:47', N'TXN-8-1-2145'),
(13, 9, 3, N'ARS', 1, 13482.43, 13482.43, N'2026-04-11T19:17:57', N'TXN-9-1-15466'),
(14, 9, 2, N'ARS', 1, 13482.42, 13482.42, N'2026-04-11T19:25:57', N'TXN-9-2-94815'),
(15, 10, 2, N'ARS', 1, 45762.2, 45762.2, N'2026-02-24T20:54:54', N'TXN-10-1-78879'),
(16, 11, 2, N'ARS', 1, 4359.02, 4359.02, N'2026-04-23T14:27:08', N'TXN-11-1-65733'),
(17, 11, 2, N'ARS', 1, 4359.03, 4359.03, N'2026-04-23T13:04:08', N'TXN-11-2-7287'),
(18, 12, 3, N'ARS', 1, 24066.9, 24066.9, N'2025-08-01T21:09:40', N'TXN-12-1-76544'),
(19, 13, 2, N'ARS', 1, 28943.2, 28943.2, N'2026-04-24T10:50:11', N'TXN-13-1-12094'),
(20, 13, 1, N'ARS', 1, 28943.2, 28943.2, N'2026-04-24T10:09:11', NULL),
(21, 14, 4, N'ARS', 1, 42955, 42955, N'2025-08-28T18:21:33', N'TXN-14-1-98595'),
(22, 15, 3, N'ARS', 1, 24926, 24926, N'2026-05-18T13:27:38', N'TXN-15-1-32753'),
(23, 16, 4, N'ARS', 1, 2450.25, 2450.25, N'2025-11-17T14:05:17', N'TXN-16-1-45626'),
(24, 16, 2, N'ARS', 1, 2450.25, 2450.25, N'2025-11-17T15:47:17', N'TXN-16-2-95121'),
(25, 17, 4, N'ARS', 1, 26953.15, 26953.15, N'2025-11-06T10:12:19', N'TXN-17-1-49446'),
(26, 18, 2, N'ARS', 1, 21961.5, 21961.5, N'2025-10-17T15:48:22', N'TXN-18-1-10424'),
(27, 19, 3, N'ARS', 1, 57063.6, 57063.6, N'2025-08-05T10:31:30', N'TXN-19-1-72808'),
(28, 20, 1, N'ARS', 1, 35574, 35574, N'2026-01-20T10:51:53', NULL),
(29, 21, 3, N'ARS', 1, 14181.2, 14181.2, N'2026-02-10T10:31:58', N'TXN-21-1-10409'),
(30, 22, 4, N'ARS', 1, 3327.5, 3327.5, N'2025-09-24T21:46:10', N'TXN-22-1-29274'),
(31, 23, 2, N'ARS', 1, 11020, 11020, N'2026-04-07T19:05:53', N'TXN-23-1-98252'),
(32, 24, 4, N'ARS', 1, 30289.33, 30289.33, N'2025-08-27T10:43:30', N'TXN-24-1-67113'),
(33, 25, 4, N'ARS', 1, 28967.4, 28967.4, N'2026-05-26T16:46:03', N'TXN-25-1-69562'),
(34, 26, 1, N'ARS', 1, 12210, 12210, N'2025-11-05T17:36:10', NULL),
(35, 26, 2, N'ARS', 1, 12210, 12210, N'2025-11-05T18:07:10', N'TXN-26-2-20908'),
(36, 27, 5, N'ARS', 1, 4495.5, 4495.5, N'2026-06-02T16:07:46', N'TXN-27-1-1499'),
(37, 28, 4, N'ARS', 1, 31157.5, 31157.5, N'2026-06-08T17:03:56', N'TXN-28-1-32087'),
(38, 29, 5, N'ARS', 1, 55877.8, 55877.8, N'2026-03-22T13:36:06', N'TXN-29-1-8865'),
(39, 30, 2, N'ARS', 1, 36602.5, 36602.5, N'2026-04-01T16:46:52', N'TXN-30-1-28258'),
(40, 31, 5, N'USD', 1000, 9.51, 9512, N'2026-01-14T10:39:12', N'TXN-31-1-46796'),
(41, 31, 4, N'ARS', 1, 9512, 9512, N'2026-01-14T11:34:12', N'TXN-31-2-57676'),
(42, 32, 4, N'ARS', 1, 5808, 5808, N'2025-10-11T11:59:13', N'TXN-32-1-11495'),
(43, 33, 2, N'ARS', 1, 10167.03, 10167.03, N'2026-06-19T20:17:01', N'TXN-33-1-21850'),
(44, 33, 2, N'ARS', 1, 10167.02, 10167.02, N'2026-06-19T21:28:01', N'TXN-33-2-47585'),
(45, 34, 4, N'ARS', 1, 34823.8, 34823.8, N'2026-05-01T13:17:06', N'TXN-34-1-71775'),
(46, 35, 4, N'ARS', 1, 10545, 10545, N'2026-05-21T13:12:18', N'TXN-35-1-43481'),
(47, 36, 2, N'ARS', 1, 11616, 11616, N'2026-04-14T13:02:49', N'TXN-36-1-6192'),
(48, 37, 1, N'ARS', 1, 23353, 23353, N'2025-08-15T19:13:41', NULL),
(49, 38, 5, N'ARS', 1, 16456, 16456, N'2026-01-05T16:46:40', N'TXN-38-1-29818'),
(50, 38, 5, N'USD', 1000, 16.46, 16456, N'2026-01-05T16:10:40', N'TXN-38-2-44141'),
(51, 39, 3, N'ARS', 1, 18936.9, 18936.9, N'2025-11-30T15:07:56', N'TXN-39-1-71681'),
(52, 40, 5, N'USD', 1000, 7.96, 7955.75, N'2025-08-26T12:27:35', N'TXN-40-1-2629'),
(53, 40, 3, N'ARS', 1, 7955.75, 7955.75, N'2025-08-26T11:58:35', N'TXN-40-2-72418'),
(54, 41, 4, N'ARS', 1, 6897, 6897, N'2026-02-09T20:30:46', N'TXN-41-1-87790'),
(55, 42, 3, N'ARS', 1, 2904, 2904, N'2025-10-01T17:28:47', N'TXN-42-1-63970'),
(56, 42, 4, N'ARS', 1, 2904, 2904, N'2025-10-01T16:51:47', N'TXN-42-2-69336'),
(57, 43, 5, N'USD', 1000, 49.38, 49380.1, N'2026-02-11T10:22:44', N'TXN-43-1-30503'),
(58, 44, 4, N'ARS', 1, 12100, 12100, N'2026-01-01T20:05:51', N'TXN-44-1-89744'),
(59, 44, 4, N'ARS', 1, 12100, 12100, N'2026-01-01T19:02:51', N'TXN-44-2-82044'),
(60, 45, 1, N'ARS', 1, 7471.75, 7471.75, N'2026-03-09T11:52:49', NULL),
(61, 45, 4, N'ARS', 1, 7471.75, 7471.75, N'2026-03-09T12:04:49', N'TXN-45-2-80609'),
(62, 46, 5, N'USD', 1000, 36.15, 36154.8, N'2025-12-12T21:51:10', N'TXN-46-1-43314'),
(63, 47, 5, N'ARS', 1, 11289, 11289, N'2026-02-16T21:56:34', N'TXN-47-1-50577'),
(64, 47, 3, N'ARS', 1, 11289, 11289, N'2026-02-16T21:14:34', N'TXN-47-2-38897'),
(65, 48, 5, N'USD', 1000, 19.51, 19511.25, N'2025-08-28T19:32:51', N'TXN-48-1-25814'),
(66, 49, 1, N'ARS', 1, 36297, 36297, N'2026-04-03T20:12:03', NULL),
(67, 50, 2, N'ARS', 1, 16552.8, 16552.8, N'2025-07-26T17:19:07', N'TXN-50-1-10135'),
(68, 51, 2, N'ARS', 1, 11649.3, 11649.3, N'2026-02-15T10:14:44', N'TXN-51-1-88414'),
(69, 51, 1, N'ARS', 1, 11649.3, 11649.3, N'2026-02-15T10:42:44', NULL),
(70, 52, 4, N'ARS', 1, 21289.95, 21289.95, N'2025-12-14T12:24:02', N'TXN-52-1-96016'),
(71, 52, 1, N'ARS', 1, 21289.95, 21289.95, N'2025-12-14T11:11:02', NULL),
(72, 53, 4, N'ARS', 1, 12584, 12584, N'2025-07-10T11:53:31', N'TXN-53-1-94992'),
(73, 54, 3, N'ARS', 1, 13688, 13688, N'2026-02-09T14:14:49', N'TXN-54-1-79038'),
(74, 54, 4, N'ARS', 1, 13688, 13688, N'2026-02-09T14:45:49', N'TXN-54-2-5067'),
(75, 55, 1, N'ARS', 1, 19197.45, 19197.45, N'2026-04-29T14:32:59', NULL),
(76, 56, 1, N'ARS', 1, 40535, 40535, N'2025-08-13T17:36:09', NULL),
(77, 57, 3, N'ARS', 1, 20648, 20648, N'2025-12-15T10:48:34', N'TXN-57-1-27673'),
(78, 58, 1, N'ARS', 1, 20823.45, 20823.45, N'2026-06-10T11:25:52', NULL),
(79, 58, 3, N'ARS', 1, 20823.45, 20823.45, N'2026-06-10T11:58:52', N'TXN-58-2-64078'),
(80, 59, 3, N'ARS', 1, 38417.5, 38417.5, N'2026-04-15T20:22:39', N'TXN-59-1-44604'),
(81, 60, 2, N'ARS', 1, 1331, 1331, N'2026-01-12T15:53:27', N'TXN-60-1-67129'),
(82, 60, 1, N'ARS', 1, 1331, 1331, N'2026-01-12T15:39:27', NULL),
(83, 61, 2, N'ARS', 1, 18634, 18634, N'2025-10-29T15:34:42', N'TXN-61-1-33257'),
(84, 62, 2, N'ARS', 1, 24381.5, 24381.5, N'2026-05-03T12:03:24', N'TXN-62-1-36427'),
(85, 62, 1, N'ARS', 1, 24381.5, 24381.5, N'2026-05-03T10:52:24', NULL),
(86, 63, 2, N'ARS', 1, 39143.5, 39143.5, N'2026-01-18T20:22:56', N'TXN-63-1-66513'),
(87, 64, 5, N'ARS', 1, 6993, 6993, N'2025-12-28T19:22:53', N'TXN-64-1-13129'),
(88, 65, 1, N'ARS', 1, 7381, 7381, N'2025-07-30T18:13:47', NULL),
(89, 66, 2, N'ARS', 1, 30749.13, 30749.13, N'2026-06-07T11:06:21', N'TXN-66-1-61649'),
(90, 67, 5, N'USD', 1000, 19.76, 19758, N'2025-12-27T15:52:14', N'TXN-67-1-1044'),
(91, 68, 4, N'ARS', 1, 16003.77, 16003.77, N'2025-11-26T10:32:53', N'TXN-68-1-8346'),
(92, 68, 2, N'ARS', 1, 16003.76, 16003.76, N'2025-11-26T10:15:53', N'TXN-68-2-21771'),
(93, 69, 1, N'ARS', 1, 20388.5, 20388.5, N'2025-08-06T16:52:11', NULL),
(94, 70, 5, N'ARS', 1, 7701.65, 7701.65, N'2026-02-09T18:24:45', N'TXN-70-1-93328'),
(95, 70, 4, N'ARS', 1, 7701.65, 7701.65, N'2026-02-09T16:44:45', N'TXN-70-2-13860'),
(96, 71, 5, N'ARS', 1, 19451, 19451, N'2025-07-13T20:11:04', N'TXN-71-1-34780'),
(97, 72, 4, N'ARS', 1, 43221.2, 43221.2, N'2026-03-20T12:49:52', N'TXN-72-1-51648'),
(98, 73, 2, N'ARS', 1, 18815, 18815, N'2026-02-16T18:35:49', N'TXN-73-1-36476'),
(99, 74, 3, N'ARS', 1, 13915, 13915, N'2025-09-10T17:22:30', N'TXN-74-1-74749'),
(100, 75, 3, N'ARS', 1, 16577, 16577, N'2025-08-03T16:31:33', N'TXN-75-1-66392');
INSERT INTO [dbo].[SalePayment] ([SalePaymentID], [SaleID], [PaymentMethodID], [CurrencyID], [ExchangeRateUsed], [AmountInPaymentCurrency], [AmountInSaleCurrency], [PaymentDate], [TransactionReference]) VALUES
(101, 76, 3, N'ARS', 1, 28362, 28362, N'2025-12-16T17:50:02', N'TXN-76-1-75663'),
(102, 77, 2, N'ARS', 1, 20872.5, 20872.5, N'2025-07-26T12:47:41', N'TXN-77-1-31525'),
(103, 77, 3, N'ARS', 1, 20872.5, 20872.5, N'2025-07-26T13:04:41', N'TXN-77-2-21273'),
(104, 78, 5, N'ARS', 1, 3509, 3509, N'2025-11-01T14:11:26', N'TXN-78-1-1057'),
(105, 78, 4, N'ARS', 1, 3509, 3509, N'2025-11-01T13:14:26', N'TXN-78-2-94784'),
(106, 79, 2, N'ARS', 1, 35742, 35742, N'2026-06-19T19:22:22', N'TXN-79-1-12292'),
(107, 80, 4, N'ARS', 1, 13833.33, 13833.33, N'2025-08-12T11:58:36', N'TXN-80-1-44851');
SET IDENTITY_INSERT [dbo].[SalePayment] OFF;
GO

-- Shipment (57 rows)
SET IDENTITY_INSERT [dbo].[Shipment] ON;
INSERT INTO [dbo].[Shipment] ([ShipmentID], [SaleID], [StatusID], [PostalCode], [Addres], [CostResponsibility], [CurrencyCode], [ExchangeRateUsed], [ActualCarrierCost], [CustomerShippingFee], [ShippedAt], [CreatedAt]) VALUES
(1, 1, 1, N'4466', N'Av. Rivadavia 3895', N'CUSTOMER', N'ARS', 1, 5146, 5781, N'2026-06-09T16:28:41', N'2026-06-08T19:48:41'),
(2, 2, 3, N'3035', N'Sarmiento 2856', N'CUSTOMER', N'ARS', 1, 5426, 5720, NULL, N'2025-08-03T17:07:53'),
(3, 3, 1, N'7564', N'9 de Julio 2208', N'COMPANY', N'ARS', 1, 5043, 0, N'2026-04-03T01:44:52', N'2026-04-01T00:31:52'),
(4, 5, 1, N'5943', N'España 3621', N'COMPANY', N'ARS', 1, 2883, 0, N'2025-10-21T15:12:40', N'2025-10-19T22:10:40'),
(5, 7, 1, N'2206', N'9 de Julio 1083', N'CUSTOMER', N'ARS', 1, 1851, 2004, N'2025-10-27T23:01:45', N'2025-10-27T05:40:45'),
(6, 8, 1, N'1734', N'Av. Corrientes 2832', N'CUSTOMER', N'ARS', 1, 2585, 2643, N'2026-05-31T12:39:47', N'2026-05-30T06:45:47'),
(7, 9, 1, N'7261', N'Av. Corrientes 3237', N'COMPANY', N'ARS', 1, 4476, 0, N'2026-04-13T02:37:57', N'2026-04-12T06:33:57'),
(8, 11, 1, N'3408', N'Belgrano 1478', N'COMPANY', N'ARS', 1, 1538, 0, N'2026-04-25T03:16:08', N'2026-04-23T21:57:08'),
(9, 14, 1, N'1110', N'Av. Colón 2134', N'CUSTOMER', N'ARS', 1, 3571, 3776, N'2025-09-01T13:23:33', N'2025-08-28T23:00:33'),
(10, 15, 2, N'1112', N'Av. Colón 3221', N'CUSTOMER', N'ARS', 1, 2913, 3079, NULL, N'2026-05-18T23:22:38'),
(11, 17, 1, N'8490', N'Av. Corrientes 996', N'CUSTOMER', N'ARS', 1, 5098, 5768, N'2025-11-10T06:34:19', N'2025-11-06T12:55:19'),
(12, 18, 1, N'2265', N'Mitre 2428', N'CUSTOMER', N'ARS', 1, 3795, 3906, N'2025-10-20T21:55:22', N'2025-10-17T23:03:22'),
(13, 19, 1, N'2096', N'Av. San Martín 2613', N'CUSTOMER', N'ARS', 1, 4065, 4175, N'2025-08-07T07:35:30', N'2025-08-05T14:19:30'),
(14, 20, 3, N'4706', N'España 1080', N'CUSTOMER', N'ARS', 1, 4942, 5476, NULL, N'2026-01-20T19:22:53'),
(15, 21, 2, N'4911', N'Av. Colón 2634', N'CUSTOMER', N'ARS', 1, 4684, 5359, NULL, N'2026-02-10T21:13:58'),
(16, 22, 1, N'8733', N'Mitre 1440', N'CUSTOMER', N'ARS', 1, 4270, 4473, N'2025-09-27T09:02:10', N'2025-09-24T22:40:10'),
(17, 23, 2, N'1275', N'Mitre 306', N'CUSTOMER', N'ARS', 1, 1613, 1683, NULL, N'2026-04-08T01:20:53'),
(18, 26, 1, N'4028', N'Belgrano 3126', N'CUSTOMER', N'ARS', 1, 3344, 3825, N'2025-11-06T21:24:10', N'2025-11-05T20:51:10'),
(19, 29, 1, N'1317', N'Av. Rivadavia 1850', N'COMPANY', N'ARS', 1, 4149, 0, N'2026-03-25T08:39:06', N'2026-03-22T15:47:06'),
(20, 30, 1, N'1902', N'Av. Rivadavia 2521', N'COMPANY', N'ARS', 1, 2106, 0, N'2026-04-03T20:02:52', N'2026-04-01T20:02:52'),
(21, 31, 1, N'1895', N'Belgrano 2389', N'CUSTOMER', N'ARS', 1, 2639, 2652, N'2026-01-16T17:15:12', N'2026-01-14T15:23:12'),
(22, 33, 1, N'4850', N'Av. Corrientes 886', N'CUSTOMER', N'ARS', 1, 4047, 4085, N'2026-06-21T13:06:01', N'2026-06-20T03:39:01'),
(23, 34, 1, N'2374', N'Sarmiento 3934', N'CUSTOMER', N'ARS', 1, 4377, 4504, N'2026-05-05T01:51:06', N'2026-05-01T20:44:06'),
(24, 36, 1, N'3319', N'Av. Colón 4070', N'CUSTOMER', N'ARS', 1, 2121, 2492, N'2026-04-16T12:12:49', N'2026-04-14T19:24:49'),
(25, 38, 1, N'6457', N'Av. Corrientes 1701', N'CUSTOMER', N'ARS', 1, 3713, 4383, N'2026-01-09T00:28:40', N'2026-01-05T20:31:40'),
(26, 39, 1, N'3117', N'Sarmiento 3358', N'CUSTOMER', N'ARS', 1, 3013, 3196, N'2025-12-03T20:55:56', N'2025-11-30T23:21:56'),
(27, 40, 1, N'8815', N'Av. Rivadavia 2937', N'COMPANY', N'ARS', 1, 1677, 0, N'2025-08-29T01:22:35', N'2025-08-26T22:00:35'),
(28, 42, 1, N'5624', N'Av. Rivadavia 697', N'COMPANY', N'ARS', 1, 1647, 0, N'2025-10-03T20:05:47', N'2025-10-01T19:50:47'),
(29, 43, 1, N'3363', N'Av. Rivadavia 4068', N'CUSTOMER', N'ARS', 1, 4425, 5271, N'2026-02-14T07:19:44', N'2026-02-11T21:57:44'),
(30, 44, 3, N'1732', N'9 de Julio 689', N'CUSTOMER', N'ARS', 1, 4640, 5300, NULL, N'2026-01-02T01:31:51'),
(31, 45, 3, N'4495', N'Mitre 2850', N'CUSTOMER', N'ARS', 1, 4264, 4288, NULL, N'2026-03-09T19:20:49'),
(32, 46, 2, N'3383', N'Mitre 934', N'COMPANY', N'ARS', 1, 4423, 0, NULL, N'2025-12-13T00:17:10'),
(33, 47, 1, N'8077', N'España 567', N'CUSTOMER', N'ARS', 1, 3270, 3653, N'2026-02-18T08:48:34', N'2026-02-17T06:17:34'),
(34, 48, 1, N'7307', N'Mitre 1550', N'CUSTOMER', N'ARS', 1, 1689, 1814, N'2025-08-29T21:37:51', N'2025-08-28T21:04:51'),
(35, 49, 1, N'4558', N'Av. Corrientes 2482', N'CUSTOMER', N'ARS', 1, 3212, 3335, N'2026-04-07T04:30:03', N'2026-04-04T05:00:03'),
(36, 50, 2, N'1188', N'España 2418', N'COMPANY', N'ARS', 1, 1830, 0, NULL, N'2025-07-27T00:36:07'),
(37, 51, 1, N'2013', N'Av. Colón 3646', N'COMPANY', N'ARS', 1, 1971, 0, N'2026-02-16T17:06:44', N'2026-02-15T11:09:44'),
(38, 52, 1, N'5192', N'Av. Colón 640', N'CUSTOMER', N'ARS', 1, 2574, 2845, N'2025-12-16T02:45:02', N'2025-12-14T17:41:02'),
(39, 53, 1, N'1344', N'Av. San Martín 1375', N'CUSTOMER', N'ARS', 1, 1570, 1868, N'2025-07-12T23:43:31', N'2025-07-10T14:16:31'),
(40, 54, 1, N'4011', N'Av. San Martín 1998', N'CUSTOMER', N'ARS', 1, 3330, 3834, N'2026-02-11T16:46:49', N'2026-02-09T22:21:49'),
(41, 55, 1, N'6680', N'Mitre 628', N'CUSTOMER', N'ARS', 1, 2451, 2683, N'2026-05-02T11:56:59', N'2026-04-29T21:54:59'),
(42, 57, 1, N'1587', N'España 1844', N'CUSTOMER', N'ARS', 1, 1789, 1909, N'2025-12-17T19:14:34', N'2025-12-15T18:17:34'),
(43, 58, 1, N'7426', N'Mitre 954', N'COMPANY', N'ARS', 1, 2343, 0, N'2026-06-14T07:15:52', N'2026-06-10T20:23:52'),
(44, 62, 2, N'6884', N'Belgrano 2462', N'CUSTOMER', N'ARS', 1, 2396, 2634, NULL, N'2026-05-03T13:24:24'),
(45, 64, 1, N'6502', N'España 3573', N'CUSTOMER', N'ARS', 1, 3006, 3595, N'2025-12-29T18:08:53', N'2025-12-29T03:01:53'),
(46, 65, 1, N'3924', N'Italia 3953', N'CUSTOMER', N'ARS', 1, 2427, 2696, N'2025-08-02T17:59:47', N'2025-07-30T20:37:47'),
(47, 66, 1, N'1898', N'Belgrano 3041', N'COMPANY', N'ARS', 1, 2342, 0, N'2026-06-09T12:15:21', N'2026-06-07T16:07:21'),
(48, 67, 3, N'2786', N'9 de Julio 380', N'CUSTOMER', N'ARS', 1, 3303, 3810, NULL, N'2025-12-27T19:16:14'),
(49, 68, 1, N'5610', N'Italia 1965', N'COMPANY', N'ARS', 1, 5446, 0, N'2025-11-27T12:55:53', N'2025-11-26T19:21:53'),
(50, 69, 1, N'5608', N'Italia 435', N'COMPANY', N'ARS', 1, 4815, 0, N'2025-08-07T17:46:11', N'2025-08-07T04:02:11'),
(51, 70, 1, N'8297', N'España 2536', N'CUSTOMER', N'ARS', 1, 1632, 1704, N'2026-02-13T03:15:45', N'2026-02-10T02:14:45'),
(52, 72, 2, N'4084', N'Av. Corrientes 1312', N'CUSTOMER', N'ARS', 1, 4777, 4932, NULL, N'2026-03-20T14:35:52'),
(53, 73, 1, N'3602', N'Av. Corrientes 397', N'CUSTOMER', N'ARS', 1, 1882, 2061, N'2026-02-19T16:43:49', N'2026-02-16T18:48:49'),
(54, 74, 1, N'4747', N'Mitre 2352', N'CUSTOMER', N'ARS', 1, 3267, 3616, N'2025-09-13T11:04:30', N'2025-09-10T19:27:30'),
(55, 75, 1, N'4142', N'Av. Corrientes 1182', N'CUSTOMER', N'ARS', 1, 3008, 3483, N'2025-08-04T17:23:33', N'2025-08-03T19:53:33'),
(56, 78, 1, N'6859', N'Italia 191', N'CUSTOMER', N'ARS', 1, 2302, 2544, N'2025-11-04T03:23:26', N'2025-11-01T20:50:26'),
(57, 80, 1, N'4934', N'Av. Rivadavia 619', N'COMPANY', N'ARS', 1, 5166, 0, N'2025-08-14T15:05:36', N'2025-08-12T16:35:36');
SET IDENTITY_INSERT [dbo].[Shipment] OFF;
GO

-- ShipmentItem (160 rows)
SET IDENTITY_INSERT [dbo].[ShipmentItem] ON;
INSERT INTO [dbo].[ShipmentItem] ([ShipmentItemID], [ShipmentID], [SaleDetailID], [quantity_shipped]) VALUES
(1, 1, 1, 2),
(2, 1, 2, 3),
(3, 3, 6, 4),
(4, 4, 12, 3),
(5, 4, 13, 1),
(6, 5, 16, 4),
(7, 5, 17, 1),
(8, 5, 18, 2),
(9, 5, 19, 2),
(10, 6, 20, 1),
(11, 7, 21, 1),
(12, 7, 22, 4),
(13, 7, 23, 2),
(14, 7, 24, 1),
(15, 8, 30, 1),
(16, 8, 31, 1),
(17, 8, 32, 1),
(18, 9, 42, 2),
(19, 9, 43, 3),
(20, 9, 44, 4),
(21, 9, 45, 2),
(22, 9, 46, 3),
(23, 10, 47, 2),
(24, 10, 48, 4),
(25, 11, 50, 2),
(26, 11, 51, 3),
(27, 11, 52, 2),
(28, 11, 53, 2),
(29, 11, 54, 3),
(30, 12, 55, 4),
(31, 12, 56, 3),
(32, 13, 57, 4),
(33, 13, 58, 3),
(34, 13, 59, 3),
(35, 13, 60, 3),
(36, 13, 61, 3),
(37, 15, 67, 1),
(38, 15, 68, 1),
(39, 15, 69, 3),
(40, 15, 70, 1),
(41, 16, 71, 1),
(42, 17, 72, 1),
(43, 17, 73, 2),
(44, 18, 82, 3),
(45, 18, 83, 1),
(46, 18, 84, 1),
(47, 18, 85, 2),
(48, 19, 90, 3),
(49, 19, 91, 3),
(50, 19, 92, 1),
(51, 19, 93, 4),
(52, 19, 94, 4),
(53, 20, 95, 2),
(54, 20, 96, 2),
(55, 20, 97, 1),
(56, 20, 98, 1),
(57, 20, 99, 4),
(58, 21, 100, 3),
(59, 21, 101, 4),
(60, 22, 103, 4),
(61, 22, 104, 1),
(62, 22, 105, 3),
(63, 23, 106, 2),
(64, 23, 107, 3),
(65, 23, 108, 4),
(66, 23, 109, 2),
(67, 24, 112, 4),
(68, 25, 116, 3),
(69, 25, 117, 1),
(70, 25, 118, 1),
(71, 25, 119, 4),
(72, 26, 120, 3),
(73, 26, 121, 3),
(74, 26, 122, 1),
(75, 27, 123, 2),
(76, 27, 124, 2),
(77, 27, 125, 1),
(78, 28, 127, 2),
(79, 29, 128, 3),
(80, 29, 129, 1),
(81, 29, 130, 4),
(82, 29, 131, 1),
(83, 29, 132, 4),
(84, 32, 137, 1),
(85, 32, 138, 1),
(86, 32, 139, 1),
(87, 32, 140, 1),
(88, 32, 141, 4),
(89, 33, 142, 1),
(90, 33, 143, 1),
(91, 33, 144, 4),
(92, 33, 145, 3),
(93, 34, 146, 3),
(94, 34, 147, 3),
(95, 35, 148, 2),
(96, 35, 149, 3),
(97, 35, 150, 1),
(98, 35, 151, 2),
(99, 35, 152, 2),
(100, 36, 153, 4);
INSERT INTO [dbo].[ShipmentItem] ([ShipmentItemID], [ShipmentID], [SaleDetailID], [quantity_shipped]) VALUES
(101, 36, 154, 3),
(102, 37, 155, 2),
(103, 37, 156, 3),
(104, 37, 157, 2),
(105, 37, 158, 1),
(106, 38, 159, 4),
(107, 38, 160, 4),
(108, 38, 161, 1),
(109, 38, 162, 3),
(110, 38, 163, 3),
(111, 39, 164, 4),
(112, 40, 165, 3),
(113, 40, 166, 1),
(114, 40, 167, 1),
(115, 40, 168, 2),
(116, 40, 169, 3),
(117, 41, 170, 1),
(118, 41, 171, 3),
(119, 41, 172, 2),
(120, 42, 178, 4),
(121, 42, 179, 3),
(122, 43, 180, 3),
(123, 43, 181, 4),
(124, 43, 182, 4),
(125, 43, 183, 3),
(126, 44, 192, 4),
(127, 44, 193, 1),
(128, 44, 194, 3),
(129, 44, 195, 1),
(130, 44, 196, 2),
(131, 45, 202, 3),
(132, 46, 203, 2),
(133, 47, 204, 4),
(134, 47, 205, 1),
(135, 47, 206, 4),
(136, 49, 211, 2),
(137, 49, 212, 1),
(138, 49, 213, 3),
(139, 49, 214, 3),
(140, 50, 215, 3),
(141, 50, 216, 4),
(142, 50, 217, 2),
(143, 51, 218, 4),
(144, 52, 223, 3),
(145, 52, 224, 4),
(146, 52, 225, 2),
(147, 52, 226, 4),
(148, 52, 227, 1),
(149, 53, 228, 4),
(150, 53, 229, 3),
(151, 53, 230, 1),
(152, 54, 231, 4),
(153, 54, 232, 2),
(154, 54, 233, 1),
(155, 55, 234, 4),
(156, 55, 235, 2),
(157, 56, 244, 2),
(158, 57, 250, 2),
(159, 57, 251, 1),
(160, 57, 252, 1);
SET IDENTITY_INSERT [dbo].[ShipmentItem] OFF;
GO

